,count,mean,std,min,25%,50%,75%,max
Revenue,3833.0,4286584.029619097,2624840.1981864786,279813.94,2471088.82,3647303.9,5350877.2,20905271.35
COGS,3833.0,3695134.4949569525,2219788.7685818127,236576.31,2150580.23,3161112.99,4637293.92,16535857.67
