system,revenue_mae_mean,revenue_rmse_mean,revenue_r2_mean,cogs_mae_mean,cogs_rmse_mean,cogs_r2_mean
system_context_promo_plus_cogs_md2y,737851.7161026773,1009628.4713336382,0.6220474233636035,609356.3126430098,823469.238171942,0.6582368436911414
system_promo_plus_cogs_md2y_revenue_switch,741349.9983292226,1018987.6925628722,0.6112648631788441,615082.3668004918,836082.1987533126,0.646936642738095
system_promo_plus_cogs_md2y,751512.4449075967,1030050.5049983193,0.5990931894582959,627615.13663123,850039.9566160724,0.6320315444601231
system_promo_only,878729.6555566535,1125434.7341326133,0.5341701177162701,640036.7100998453,861561.0228772453,0.6313879534463922
system_promo_plus_cogs_blend60_clip_q99,902290.2154588167,1135845.5167879497,0.5139435587837519,659607.0792660925,863181.4501917833,0.6256889877345412
system_promo_plus_cogs,918035.4501002944,1151321.0983987453,0.5009729816023419,657896.799051139,867514.1030189154,0.6237484072409789
